SOLDDATE,TEMP,HUM,REGION_U
2022-01-01,-4.3,46.3,서울
2022-01-02,-1.3,57.9,서울
2022-01-03,-1.9,58.3,서울
2022-01-04,-2.5,51.8,서울
2022-01-05,-2.8,47.6,서울
2022-01-06,-2.2,47.1,서울
2022-01-07,-1.6,47.1,서울
2022-01-08,0.3,64.3,서울
2022-01-09,1.3,71.5,서울
2022-01-10,0.5,68.3,서울
2022-01-11,-7.4,55.5,서울
2022-01-12,-7.7,47.8,서울
2022-01-13,-6.4,45.8,서울
2022-01-14,-4.8,41.8,서울
2022-01-15,-1.0,48.3,서울
2022-01-16,-2.0,54.5,서울
2022-01-17,-5.8,59.9,서울
2022-01-18,-5.6,47.9,서울
2022-01-19,-5.3,72.3,서울
2022-01-20,-5.0,63.5,서울
2022-01-21,-2.7,55.6,서울
2022-01-22,0.3,52.4,서울
2022-01-23,2.0,52.4,서울
2022-01-24,4.6,56.0,서울
2022-01-25,2.8,80.0,서울
2022-01-26,1.3,62.8,서울
2022-01-27,-1.1,50.0,서울
2022-01-28,-2.7,51.6,서울
2022-01-29,-3.6,48.9,서울
2022-01-30,-2.8,45.4,서울
2022-01-31,-0.7,59.0,서울
2022-02-01,-1.3,76.6,서울
2022-02-02,-3.4,60.5,서울
2022-02-03,-3.4,52.4,서울
2022-02-04,-5.2,53.3,서울
2022-02-05,-6.6,48.8,서울
2022-02-06,-3.9,50.3,서울
2022-02-07,-2.5,51.3,서울
2022-02-08,-0.1,53.8,서울
2022-02-09,1.0,52.3,서울
2022-02-10,1.4,57.8,서울
2022-02-11,2.9,61.1,서울
2022-02-12,4.8,50.4,서울
2022-02-13,4.8,44.9,서울
2022-02-14,2.5,68.3,서울
2022-02-15,-4.7,58.0,서울
2022-02-16,-7.3,50.4,서울
2022-02-17,-6.2,41.6,서울
2022-02-18,-1.2,40.4,서울
2022-02-19,-1.7,52.9,서울
2022-02-20,-4.8,41.1,서울
2022-02-21,-3.0,56.3,서울
2022-02-22,-4.5,43.3,서울
2022-02-23,-5.6,38.5,서울
2022-02-24,-2.4,52.4,서울
2022-02-25,3.0,77.5,서울
2022-02-26,5.4,78.4,서울
2022-02-27,3.7,56.6,서울
2022-02-28,6.8,62.3,서울
2022-03-01,5.8,70.5,서울
2022-03-02,3.5,55.9,서울
2022-03-03,5.8,52.9,서울
2022-03-04,6.9,60.5,서울
2022-03-05,2.3,38.4,서울
2022-03-06,1.4,39.5,서울
2022-03-07,2.8,45.8,서울
2022-03-08,6.0,56.1,서울
2022-03-09,7.1,69.6,서울
2022-03-10,9.3,51.4,서울
2022-03-11,11.2,58.4,서울
2022-03-12,12.8,72.1,서울
2022-03-13,11.7,95.5,서울
2022-03-14,8.2,90.3,서울
2022-03-15,7.2,72.6,서울
2022-03-16,10.3,62.6,서울
2022-03-17,10.7,62.0,서울
2022-03-18,7.5,60.8,서울
2022-03-19,3.4,84.6,서울
2022-03-20,5.4,66.1,서울
2022-03-21,5.0,49.5,서울
2022-03-22,7.1,48.9,서울
2022-03-23,6.2,56.8,서울
2022-03-24,8.2,70.6,서울
2022-03-25,12.0,70.0,서울
2022-03-26,11.8,80.9,서울
2022-03-27,8.1,49.1,서울
2022-03-28,8.2,35.6,서울
2022-03-29,9.7,52.9,서울
2022-03-30,10.8,76.5,서울
2022-03-31,10.9,63.5,서울
2022-04-01,9.2,50.5,서울
2022-04-02,8.2,55.0,서울
2022-04-03,9.6,55.0,서울
2022-04-04,10.3,50.3,서울
2022-04-05,10.3,41.1,서울
2022-04-06,11.7,52.3,서울
2022-04-07,10.9,43.5,서울
2022-04-08,12.9,49.0,서울
2022-04-09,17.8,43.8,서울
2022-04-10,18.2,46.0,서울
2022-04-11,19.6,60.4,서울
2022-04-12,19.3,77.9,서울
2022-04-13,13.1,69.3,서울
2022-04-14,13.2,53.4,서울
2022-04-15,13.3,46.8,서울
2022-04-16,13.2,48.5,서울
2022-04-17,14.0,53.8,서울
2022-04-18,15.2,46.1,서울
2022-04-19,15.2,51.9,서울
2022-04-20,15.7,48.8,서울
2022-04-21,16.3,48.4,서울
2022-04-22,15.0,76.8,서울
2022-04-23,17.7,57.3,서울
2022-04-24,18.5,72.5,서울
2022-04-25,20.0,80.5,서울
2022-04-26,21.9,57.9,서울
2022-01-01,-6.4,52.6,경기도북부
2022-01-02,-2.1,57.3,경기도북부
2022-01-03,-4.0,61.4,경기도북부
2022-01-04,-3.9,52.9,경기도북부
2022-01-05,-5.1,56.8,경기도북부
2022-01-06,-3.4,49.4,경기도북부
2022-01-07,-3.8,52.4,경기도북부
2022-01-08,-2.0,71.1,경기도북부
2022-01-09,0.1,70.5,경기도북부
2022-01-10,-1.1,70.6,경기도북부
2022-01-11,-8.0,59.5,경기도북부
2022-01-12,-9.4,57.1,경기도북부
2022-01-13,-7.7,49.5,경기도북부
2022-01-14,-7.0,48.1,경기도북부
2022-01-15,-2.7,57.8,경기도북부
2022-01-16,-2.9,52.8,경기도북부
2022-01-17,-7.5,62.9,경기도북부
2022-01-18,-7.2,53.1,경기도북부
2022-01-19,-7.2,78.1,경기도북부
2022-01-20,-7.8,71.4,경기도북부
2022-01-21,-6.1,66.5,경기도북부
2022-01-22,-2.7,61.6,경기도북부
2022-01-23,0.8,58.8,경기도북부
2022-01-24,2.1,65.1,경기도북부
2022-01-25,2.2,83.1,경기도북부
2022-01-26,0.1,61.9,경기도북부
2022-01-27,-1.9,52.9,경기도북부
2022-01-28,-4.1,55.5,경기도북부
2022-01-29,-4.7,50.1,경기도북부
2022-01-30,-4.7,49.8,경기도북부
2022-01-31,-2.6,63.3,경기도북부
2022-02-01,-2.6,80.0,경기도북부
2022-02-02,-5.3,62.4,경기도북부
2022-02-03,-5.0,55.6,경기도북부
2022-02-04,-7.0,55.4,경기도북부
2022-02-05,-8.1,54.5,경기도북부
2022-02-06,-5.8,53.0,경기도북부
2022-02-07,-4.1,54.3,경기도북부
2022-02-08,-1.9,55.8,경기도북부
2022-02-09,-1.5,56.1,경기도북부
2022-02-10,0.1,55.1,경기도북부
2022-02-11,0.9,59.4,경기도북부
2022-02-12,2.7,52.0,경기도북부
2022-02-13,2.3,51.4,경기도북부
2022-02-14,0.2,78.5,경기도북부
2022-02-15,-5.5,59.3,경기도북부
2022-02-16,-8.2,50.8,경기도북부
2022-02-17,-7.3,42.6,경기도북부
2022-02-18,-3.4,44.9,경기도북부
2022-02-19,-2.3,48.6,경기도북부
2022-02-20,-5.3,35.5,경기도북부
2022-02-21,-4.5,52.5,경기도북부
2022-02-22,-5.3,40.1,경기도북부
2022-02-23,-6.6,38.8,경기도북부
2022-02-24,-3.5,52.0,경기도북부
2022-02-25,1.4,74.9,경기도북부
2022-02-26,4.6,79.3,경기도북부
2022-02-27,2.7,63.9,경기도북부
2022-02-28,4.4,70.5,경기도북부
2022-03-01,3.9,76.5,경기도북부
2022-03-02,2.1,62.6,경기도북부
2022-03-03,4.8,53.8,경기도북부
2022-03-04,5.4,64.3,경기도북부
2022-03-05,1.9,34.9,경기도북부
2022-03-06,1.5,32.8,경기도북부
2022-03-07,1.4,44.6,경기도북부
2022-03-08,4.7,58.6,경기도북부
2022-03-09,5.0,70.0,경기도북부
2022-03-10,7.4,52.1,경기도북부
2022-03-11,9.2,62.9,경기도북부
2022-03-12,10.8,75.0,경기도북부
2022-03-13,10.3,96.9,경기도북부
2022-03-14,6.7,91.5,경기도북부
2022-03-15,6.6,76.3,경기도북부
2022-03-16,9.0,64.3,경기도북부
2022-03-17,10.0,59.3,경기도북부
2022-03-18,6.4,62.1,경기도북부
2022-03-19,2.8,83.9,경기도북부
2022-03-20,3.9,71.9,경기도북부
2022-03-21,3.8,53.6,경기도북부
2022-03-22,6.7,49.3,경기도북부
2022-03-23,5.3,58.6,경기도북부
2022-03-24,7.5,73.0,경기도북부
2022-03-25,10.9,73.8,경기도북부
2022-03-26,11.4,82.6,경기도북부
2022-03-27,6.9,51.4,경기도북부
2022-03-28,6.2,42.6,경기도북부
2022-03-29,8.2,56.5,경기도북부
2022-03-30,8.8,82.8,경기도북부
2022-03-31,9.4,73.0,경기도북부
2022-04-01,7.9,58.0,경기도북부
2022-04-02,7.2,48.6,경기도북부
2022-04-03,8.8,51.4,경기도북부
2022-04-04,9.2,51.8,경기도북부
2022-04-05,9.4,42.6,경기도북부
2022-04-06,11.5,44.9,경기도북부
2022-04-07,10.5,45.1,경기도북부
2022-04-08,11.7,52.0,경기도북부
2022-04-09,17.5,43.8,경기도북부
2022-04-10,17.3,50.1,경기도북부
2022-04-11,18.7,63.6,경기도북부
2022-04-12,18.1,81.1,경기도북부
2022-04-13,11.8,64.5,경기도북부
2022-04-14,12.4,49.5,경기도북부
2022-04-15,11.6,47.8,경기도북부
2022-04-16,11.9,46.8,경기도북부
2022-04-17,12.7,48.5,경기도북부
2022-04-18,14.6,43.5,경기도북부
2022-04-19,13.7,48.4,경기도북부
2022-04-20,14.3,46.3,경기도북부
2022-04-21,14.9,52.8,경기도북부
2022-04-22,13.9,79.4,경기도북부
2022-04-23,16.1,60.1,경기도북부
2022-04-24,17.3,73.0,경기도북부
2022-04-25,18.7,82.9,경기도북부
2022-04-26,21.5,55.0,경기도북부
2022-01-01,-4.4,48.0,경기도남부
2022-01-02,-1.4,64.4,경기도남부
2022-01-03,-2.4,63.1,경기도남부
2022-01-04,-2.0,52.0,경기도남부
2022-01-05,-2.7,52.4,경기도남부
2022-01-06,-2.3,55.0,경기도남부
2022-01-07,-3.0,57.8,경기도남부
2022-01-08,-0.3,71.4,경기도남부
2022-01-09,0.4,80.4,경기도남부
2022-01-10,-0.2,77.4,경기도남부
2022-01-11,-6.3,56.0,경기도남부
2022-01-12,-6.9,51.5,경기도남부
2022-01-13,-5.2,44.9,경기도남부
2022-01-14,-4.7,44.1,경기도남부
2022-01-15,-0.3,54.5,경기도남부
2022-01-16,-1.8,56.5,경기도남부
2022-01-17,-5.0,56.6,경기도남부
2022-01-18,-5.4,51.0,경기도남부
2022-01-19,-5.3,74.8,경기도남부
2022-01-20,-5.0,64.6,경기도남부
2022-01-21,-3.5,61.1,경기도남부
2022-01-22,0.1,57.9,경기도남부
2022-01-23,1.6,59.8,경기도남부
2022-01-24,4.2,57.0,경기도남부
2022-01-25,2.9,84.6,경기도남부
2022-01-26,0.9,67.5,경기도남부
2022-01-27,-0.8,54.1,경기도남부
2022-01-28,-2.4,51.6,경기도남부
2022-01-29,-3.4,51.9,경기도남부
2022-01-30,-3.1,52.0,경기도남부
2022-01-31,-0.9,58.9,경기도남부
2022-02-01,-0.8,77.1,경기도남부
2022-02-02,-2.4,60.8,경기도남부
2022-02-03,-3.0,53.9,경기도남부
2022-02-04,-4.1,53.8,경기도남부
2022-02-05,-5.7,50.0,경기도남부
2022-02-06,-3.4,51.4,경기도남부
2022-02-07,-2.5,51.1,경기도남부
2022-02-08,-0.6,57.4,경기도남부
2022-02-09,0.3,60.9,경기도남부
2022-02-10,1.0,66.6,경기도남부
2022-02-11,2.1,70.6,경기도남부
2022-02-12,3.6,62.8,경기도남부
2022-02-13,4.0,56.8,경기도남부
2022-02-14,1.9,68.5,경기도남부
2022-02-15,-4.1,59.6,경기도남부
2022-02-16,-6.6,50.6,경기도남부
2022-02-17,-6.4,45.6,경기도남부
2022-02-18,-1.6,46.1,경기도남부
2022-02-19,-0.9,54.0,경기도남부
2022-02-20,-4.3,45.6,경기도남부
2022-02-21,-2.4,58.8,경기도남부
2022-02-22,-3.9,42.8,경기도남부
2022-02-23,-5.1,38.3,경기도남부
2022-02-24,-2.8,54.5,경기도남부
2022-02-25,2.9,75.1,경기도남부
2022-02-26,5.1,78.6,경기도남부
2022-02-27,3.8,60.1,경기도남부
2022-02-28,5.7,56.5,경기도남부
2022-03-01,4.3,83.0,경기도남부
2022-03-02,2.7,64.0,경기도남부
2022-03-03,4.7,63.8,경기도남부
2022-03-04,6.9,64.6,경기도남부
2022-03-05,2.8,36.9,경기도남부
2022-03-06,1.5,42.9,경기도남부
2022-03-07,2.0,59.3,경기도남부
2022-03-08,4.7,66.3,경기도남부
2022-03-09,5.9,76.6,경기도남부
2022-03-10,8.2,58.9,경기도남부
2022-03-11,10.1,65.8,경기도남부
2022-03-12,13.0,76.4,경기도남부
2022-03-13,11.8,96.6,경기도남부
2022-03-14,8.7,94.0,경기도남부
2022-03-15,6.4,78.9,경기도남부
2022-03-16,9.0,71.6,경기도남부
2022-03-17,10.9,65.3,경기도남부
2022-03-18,8.2,60.6,경기도남부
2022-03-19,3.4,93.8,경기도남부
2022-03-20,4.5,75.5,경기도남부
2022-03-21,4.7,54.1,경기도남부
2022-03-22,6.2,55.4,경기도남부
2022-03-23,5.6,61.8,경기도남부
2022-03-24,8.0,70.1,경기도남부
2022-03-25,12.4,69.0,경기도남부
2022-03-26,10.8,87.0,경기도남부
2022-03-27,7.3,57.1,경기도남부
2022-03-28,7.0,41.8,경기도남부
2022-03-29,9.1,60.4,경기도남부
2022-03-30,10.3,78.6,경기도남부
2022-03-31,10.5,74.5,경기도남부
2022-04-01,8.5,59.1,경기도남부
2022-04-02,6.9,61.0,경기도남부
2022-04-03,8.2,63.3,경기도남부
2022-04-04,8.9,56.1,경기도남부
2022-04-05,9.5,48.5,경기도남부
2022-04-06,10.6,53.0,경기도남부
2022-04-07,10.2,51.5,경기도남부
2022-04-08,12.5,51.4,경기도남부
2022-04-09,17.2,47.5,경기도남부
2022-04-10,17.0,53.8,경기도남부
2022-04-11,18.7,67.3,경기도남부
2022-04-12,17.8,82.1,경기도남부
2022-04-13,11.6,83.1,경기도남부
2022-04-14,11.1,65.4,경기도남부
2022-04-15,11.5,57.9,경기도남부
2022-04-16,11.4,57.4,경기도남부
2022-04-17,12.2,60.8,경기도남부
2022-04-18,13.6,50.6,경기도남부
2022-04-19,13.2,60.3,경기도남부
2022-04-20,13.8,58.3,경기도남부
2022-04-21,14.9,54.0,경기도남부
2022-04-22,15.1,75.1,경기도남부
2022-04-23,16.3,61.8,경기도남부
2022-04-24,17.6,75.0,경기도남부
2022-04-25,19.9,79.0,경기도남부
2022-04-26,19.4,70.4,경기도남부
2022-01-01,-3.4,43.4,인천
2022-01-02,-1.2,58.0,인천
2022-01-03,-1.9,56.9,인천
2022-01-04,-2.9,46.0,인천
2022-01-05,-3.2,45.1,인천
2022-01-06,-2.0,44.1,인천
2022-01-07,-1.7,50.4,인천
2022-01-08,1.6,65.9,인천
2022-01-09,0.5,72.8,인천
2022-01-10,-0.1,75.9,인천
2022-01-11,-7.5,55.1,인천
2022-01-12,-6.9,47.9,인천
2022-01-13,-5.6,45.5,인천
2022-01-14,-4.7,44.5,인천
2022-01-15,-0.1,50.3,인천
2022-01-16,-2.7,56.1,인천
2022-01-17,-5.0,56.9,인천
2022-01-18,-5.2,47.9,인천
2022-01-19,-4.7,65.3,인천
2022-01-20,-5.4,58.9,인천
2022-01-21,-3.1,57.0,인천
2022-01-22,-0.7,51.4,인천
2022-01-23,1.1,49.4,인천
2022-01-24,4.5,52.0,인천
2022-01-25,3.2,74.0,인천
2022-01-26,0.9,58.1,인천
2022-01-27,-1.6,49.5,인천
2022-01-28,-2.7,50.0,인천
2022-01-29,-3.5,47.4,인천
2022-01-30,-2.9,41.9,인천
2022-01-31,-0.3,56.4,인천
2022-02-01,-1.4,75.1,인천
2022-02-02,-3.0,59.4,인천
2022-02-03,-3.4,50.8,인천
2022-02-04,-4.8,51.9,인천
2022-02-05,-6.0,47.3,인천
2022-02-06,-2.9,48.6,인천
2022-02-07,-1.9,49.8,인천
2022-02-08,0.2,55.5,인천
2022-02-09,0.4,63.6,인천
2022-02-10,1.3,62.8,인천
2022-02-11,2.3,75.6,인천
2022-02-12,3.5,61.0,인천
2022-02-13,3.7,44.1,인천
2022-02-14,1.4,71.4,인천
2022-02-15,-5.2,57.5,인천
2022-02-16,-7.2,49.6,인천
2022-02-17,-6.4,41.1,인천
2022-02-18,-1.9,45.4,인천
2022-02-19,-1.7,56.3,인천
2022-02-20,-4.7,42.3,인천
2022-02-21,-2.4,54.4,인천
2022-02-22,-4.4,40.8,인천
2022-02-23,-5.3,35.4,인천
2022-02-24,-1.6,51.5,인천
2022-02-25,2.9,79.1,인천
2022-02-26,4.1,80.6,인천
2022-02-27,3.4,66.1,인천
2022-02-28,5.6,65.1,인천
2022-03-01,4.8,73.4,인천
2022-03-02,3.0,64.4,인천
2022-03-03,5.1,62.9,인천
2022-03-04,6.4,67.4,인천
2022-03-05,2.0,36.8,인천
2022-03-06,1.3,38.9,인천
2022-03-07,2.1,44.8,인천
2022-03-08,4.9,61.6,인천
2022-03-09,5.8,77.1,인천
2022-03-10,7.3,63.0,인천
2022-03-11,10.1,65.9,인천
2022-03-12,11.0,77.1,인천
2022-03-13,10.0,95.5,인천
2022-03-14,6.8,91.6,인천
2022-03-15,5.1,76.4,인천
2022-03-16,8.0,69.9,인천
2022-03-17,9.4,62.8,인천
2022-03-18,7.8,55.8,인천
2022-03-19,3.6,83.3,인천
2022-03-20,4.5,64.4,인천
2022-03-21,4.2,47.5,인천
2022-03-22,5.9,53.4,인천
2022-03-23,5.1,59.9,인천
2022-03-24,7.2,71.8,인천
2022-03-25,12.3,62.5,인천
2022-03-26,10.2,80.5,인천
2022-03-27,7.3,52.1,인천
2022-03-28,6.8,39.3,인천
2022-03-29,9.3,53.8,인천
2022-03-30,10.4,72.9,인천
2022-03-31,10.1,70.1,인천
2022-04-01,8.1,59.8,인천
2022-04-02,6.8,63.0,인천
2022-04-03,8.5,57.0,인천
2022-04-04,8.8,62.9,인천
2022-04-05,8.9,50.5,인천
2022-04-06,10.2,55.1,인천
2022-04-07,9.2,52.4,인천
2022-04-08,11.7,49.0,인천
2022-04-09,16.3,44.8,인천
2022-04-10,16.7,50.6,인천
2022-04-11,18.5,65.4,인천
2022-04-12,15.6,85.9,인천
2022-04-13,11.8,70.5,인천
2022-04-14,12.4,50.1,인천
2022-04-15,12.0,49.9,인천
2022-04-16,11.1,58.5,인천
2022-04-17,10.7,69.3,인천
2022-04-18,12.3,56.4,인천
2022-04-19,11.9,70.8,인천
2022-04-20,12.9,58.0,인천
2022-04-21,14.3,48.0,인천
2022-04-22,12.5,80.5,인천
2022-04-23,14.7,71.1,인천
2022-04-24,15.5,80.3,인천
2022-04-25,18.3,80.0,인천
2022-04-26,19.9,60.1,인천
2022-01-01,1.9,24.4,부산광역시
2022-01-02,4.8,32.9,부산광역시
2022-01-03,4.1,28.5,부산광역시
2022-01-04,4.5,38.3,부산광역시
2022-01-05,5.4,55.8,부산광역시
2022-01-06,6.1,42.1,부산광역시
2022-01-07,5.8,41.6,부산광역시
2022-01-08,5.7,26.4,부산광역시
2022-01-09,5.9,51.9,부산광역시
2022-01-10,7.4,59.0,부산광역시
2022-01-11,1.5,39.1,부산광역시
2022-01-12,-1.3,33.0,부산광역시
2022-01-13,-1.1,35.1,부산광역시
2022-01-14,-0.2,28.6,부산광역시
2022-01-15,4.8,33.5,부산광역시
2022-01-16,4.8,42.0,부산광역시
2022-01-17,1.1,39.9,부산광역시
2022-01-18,-0.1,22.6,부산광역시
2022-01-19,2.1,34.0,부산광역시
2022-01-20,1.5,44.6,부산광역시
2022-01-21,3.9,53.9,부산광역시
2022-01-22,6.7,63.8,부산광역시
2022-01-23,8.7,69.9,부산광역시
2022-01-24,5.7,63.9,부산광역시
2022-01-25,6.7,62.8,부산광역시
2022-01-26,5.5,53.4,부산광역시
2022-01-27,6.3,39.9,부산광역시
2022-01-28,4.7,27.3,부산광역시
2022-01-29,3.3,24.6,부산광역시
2022-01-30,3.2,29.5,부산광역시
2022-01-31,3.6,32.0,부산광역시
2022-02-01,3.3,48.5,부산광역시
2022-02-02,1.7,46.6,부산광역시
2022-02-03,2.1,38.5,부산광역시
2022-02-04,1.3,39.0,부산광역시
2022-02-05,-1.2,43.1,부산광역시
2022-02-06,0.2,42.4,부산광역시
2022-02-07,1.6,36.5,부산광역시
2022-02-08,3.6,34.3,부산광역시
2022-02-09,6.6,50.4,부산광역시
2022-02-10,7.6,43.8,부산광역시
2022-02-11,6.7,42.5,부산광역시
2022-02-12,8.5,48.9,부산광역시
2022-02-13,8.9,65.1,부산광역시
2022-02-14,9.0,65.9,부산광역시
2022-02-15,2.6,41.8,부산광역시
2022-02-16,-1.7,40.4,부산광역시
2022-02-17,-2.4,37.6,부산광역시
2022-02-18,4.0,53.3,부산광역시
2022-02-19,5.2,51.0,부산광역시
2022-02-20,-0.6,32.8,부산광역시
2022-02-21,1.4,40.8,부산광역시
2022-02-22,1.2,34.6,부산광역시
2022-02-23,0.0,32.1,부산광역시
2022-02-24,1.6,32.9,부산광역시
2022-02-25,5.0,41.4,부산광역시
2022-02-26,7.7,54.8,부산광역시
2022-02-27,6.7,41.8,부산광역시
2022-02-28,9.8,39.8,부산광역시
2022-03-01,10.9,74.3,부산광역시
2022-03-02,7.0,45.0,부산광역시
2022-03-03,7.8,48.5,부산광역시
2022-03-04,10.4,59.1,부산광역시
2022-03-05,8.7,34.8,부산광역시
2022-03-06,5.0,36.1,부산광역시
2022-03-07,7.3,55.6,부산광역시
2022-03-08,9.6,40.5,부산광역시
2022-03-09,10.5,58.4,부산광역시
2022-03-10,11.3,69.6,부산광역시
2022-03-11,14.0,77.6,부산광역시
2022-03-12,16.0,83.3,부산광역시
2022-03-13,15.0,94.9,부산광역시
2022-03-14,11.3,90.0,부산광역시
2022-03-15,11.8,64.3,부산광역시
2022-03-16,13.1,61.0,부산광역시
2022-03-17,10.4,79.8,부산광역시
2022-03-18,7.3,82.4,부산광역시
2022-03-19,6.1,80.1,부산광역시
2022-03-20,7.5,69.3,부산광역시
2022-03-21,8.9,54.6,부산광역시
2022-03-22,9.2,57.3,부산광역시
2022-03-23,9.1,57.5,부산광역시
2022-03-24,10.2,55.4,부산광역시
2022-03-25,13.3,74.5,부산광역시
2022-03-26,13.8,89.3,부산광역시
2022-03-27,13.8,49.6,부산광역시
2022-03-28,9.6,44.9,부산광역시
2022-03-29,11.5,57.5,부산광역시
2022-03-30,14.0,86.0,부산광역시
2022-03-31,11.5,74.3,부산광역시
2022-04-01,9.2,54.3,부산광역시
2022-04-02,10.4,58.9,부산광역시
2022-04-03,11.7,62.6,부산광역시
2022-04-04,12.3,61.6,부산광역시
2022-04-05,13.5,47.9,부산광역시
2022-04-06,14.8,40.8,부산광역시
2022-04-07,14.8,54.0,부산광역시
2022-04-08,14.6,56.4,부산광역시
2022-04-09,16.7,59.0,부산광역시
2022-04-10,17.8,69.8,부산광역시
2022-04-11,17.4,82.6,부산광역시
2022-04-12,17.9,88.9,부산광역시
2022-04-13,12.8,81.6,부산광역시
2022-04-14,10.9,79.9,부산광역시
2022-04-15,12.2,61.0,부산광역시
2022-04-16,12.1,56.6,부산광역시
2022-04-17,14.9,43.9,부산광역시
2022-04-18,16.8,35.5,부산광역시
2022-04-19,17.5,37.8,부산광역시
2022-04-20,18.9,29.5,부산광역시
2022-04-21,14.5,73.9,부산광역시
2022-04-22,16.0,74.6,부산광역시
2022-04-23,17.3,65.1,부산광역시
2022-04-24,17.7,77.0,부산광역시
2022-04-25,19.0,80.3,부산광역시
2022-04-26,17.4,99.9,부산광역시
2022-01-01,-2.3,36.0,대구광역시
2022-01-02,0.6,47.3,대구광역시
2022-01-03,-0.2,50.1,대구광역시
2022-01-04,1.9,39.4,대구광역시
2022-01-05,0.6,43.9,대구광역시
2022-01-06,2.9,38.5,대구광역시
2022-01-07,0.1,42.8,대구광역시
2022-01-08,1.4,43.4,대구광역시
2022-01-09,2.0,65.9,대구광역시
2022-01-10,3.0,61.8,대구광역시
2022-01-11,-0.9,44.9,대구광역시
2022-01-12,-3.2,42.1,대구광역시
2022-01-13,-2.8,42.3,대구광역시
2022-01-14,-2.6,35.3,대구광역시
2022-01-15,1.0,43.3,대구광역시
2022-01-16,1.9,47.6,대구광역시
2022-01-17,-0.4,49.1,대구광역시
2022-01-18,-2.5,32.3,대구광역시
2022-01-19,-0.7,47.6,대구광역시
2022-01-20,-1.1,46.3,대구광역시
2022-01-21,-1.0,51.3,대구광역시
2022-01-22,2.3,63.1,대구광역시
2022-01-23,6.4,62.3,대구광역시
2022-01-24,4.9,61.0,대구광역시
2022-01-25,4.5,66.6,대구광역시
2022-01-26,3.8,55.4,대구광역시
2022-01-27,3.2,45.6,대구광역시
2022-01-28,2.3,32.5,대구광역시
2022-01-29,1.0,34.3,대구광역시
2022-01-30,1.1,34.5,대구광역시
2022-01-31,1.3,33.5,대구광역시
2022-02-01,1.9,50.3,대구광역시
2022-02-02,0.7,45.1,대구광역시
2022-02-03,0.4,41.6,대구광역시
2022-02-04,-0.6,43.9,대구광역시
2022-02-05,-3.0,45.4,대구광역시
2022-02-06,-1.1,43.6,대구광역시
2022-02-07,0.2,37.5,대구광역시
2022-02-08,1.5,43.8,대구광역시
2022-02-09,2.6,50.8,대구광역시
2022-02-10,5.3,41.1,대구광역시
2022-02-11,3.5,43.0,대구광역시
2022-02-12,4.8,53.0,대구광역시
2022-02-13,5.4,73.3,대구광역시
2022-02-14,7.3,59.9,대구광역시
2022-02-15,0.4,46.5,대구광역시
2022-02-16,-3.6,44.5,대구광역시
2022-02-17,-4.3,37.1,대구광역시
2022-02-18,-0.8,42.9,대구광역시
2022-02-19,2.4,49.0,대구광역시
2022-02-20,-2.2,36.1,대구광역시
2022-02-21,1.2,43.4,대구광역시
2022-02-22,-0.4,38.5,대구광역시
2022-02-23,-2.3,32.0,대구광역시
2022-02-24,0.5,30.6,대구광역시
2022-02-25,5.0,41.9,대구광역시
2022-02-26,6.8,52.5,대구광역시
2022-02-27,6.3,32.4,대구광역시
2022-02-28,7.0,34.3,대구광역시
2022-03-01,9.9,51.9,대구광역시
2022-03-02,6.2,41.5,대구광역시
2022-03-03,7.7,39.4,대구광역시
2022-03-04,8.8,50.4,대구광역시
2022-03-05,6.9,30.9,대구광역시
2022-03-06,4.0,30.3,대구광역시
2022-03-07,5.2,37.0,대구광역시
2022-03-08,8.1,36.4,대구광역시
2022-03-09,9.1,49.9,대구광역시
2022-03-10,10.5,59.6,대구광역시
2022-03-11,12.5,57.6,대구광역시
2022-03-12,14.7,67.6,대구광역시
2022-03-13,15.1,87.1,대구광역시
2022-03-14,10.8,84.9,대구광역시
2022-03-15,11.7,53.6,대구광역시
2022-03-16,14.4,45.3,대구광역시
2022-03-17,8.8,84.1,대구광역시
2022-03-18,6.1,83.4,대구광역시
2022-03-19,4.9,83.8,대구광역시
2022-03-20,6.6,69.8,대구광역시
2022-03-21,8.3,53.1,대구광역시
2022-03-22,8.7,48.8,대구광역시
2022-03-23,6.8,66.6,대구광역시
2022-03-24,9.1,60.6,대구광역시
2022-03-25,13.5,67.6,대구광역시
2022-03-26,14.7,80.9,대구광역시
2022-03-27,13.1,39.3,대구광역시
2022-03-28,9.0,45.5,대구광역시
2022-03-29,10.8,51.6,대구광역시
2022-03-30,14.8,57.0,대구광역시
2022-03-31,10.5,74.0,대구광역시
2022-04-01,8.8,64.4,대구광역시
2022-04-02,10.2,50.0,대구광역시
2022-04-03,11.3,50.9,대구광역시
2022-04-04,13.2,49.6,대구광역시
2022-04-05,14.4,35.3,대구광역시
2022-04-06,16.0,35.6,대구광역시
2022-04-07,14.4,49.3,대구광역시
2022-04-08,15.7,41.4,대구광역시
2022-04-09,18.6,48.5,대구광역시
2022-04-10,19.5,50.6,대구광역시
2022-04-11,20.3,66.3,대구광역시
2022-04-12,22.5,64.5,대구광역시
2022-04-13,12.2,80.1,대구광역시
2022-04-14,10.9,72.4,대구광역시
2022-04-15,12.1,59.8,대구광역시
2022-04-16,13.5,45.3,대구광역시
2022-04-17,15.6,36.9,대구광역시
2022-04-18,18.1,33.3,대구광역시
2022-04-19,18.4,31.4,대구광역시
2022-04-20,18.2,35.5,대구광역시
2022-04-21,14.3,60.3,대구광역시
2022-04-22,19.0,64.0,대구광역시
2022-04-23,19.1,58.9,대구광역시
2022-04-24,22.0,52.4,대구광역시
2022-04-25,21.7,58.4,대구광역시
2022-04-26,18.3,94.4,대구광역시
2022-01-01,-0.6,19.6,울산광역시
2022-01-02,3.4,30.5,울산광역시
2022-01-03,2.8,24.1,울산광역시
2022-01-04,3.1,31.5,울산광역시
2022-01-05,3.5,52.8,울산광역시
2022-01-06,4.7,41.1,울산광역시
2022-01-07,3.9,31.0,울산광역시
2022-01-08,4.6,25.5,울산광역시
2022-01-09,5.5,52.8,울산광역시
2022-01-10,6.2,57.8,울산광역시
2022-01-11,0.2,33.8,울산광역시
2022-01-12,-1.9,27.6,울산광역시
2022-01-13,-1.9,31.9,울산광역시
2022-01-14,-2.1,27.1,울산광역시
2022-01-15,2.8,26.8,울산광역시
2022-01-16,3.0,41.6,울산광역시
2022-01-17,0.5,34.3,울산광역시
2022-01-18,-1.8,24.4,울산광역시
2022-01-19,0.9,34.9,울산광역시
2022-01-20,-0.1,57.1,울산광역시
2022-01-21,2.2,54.0,울산광역시
2022-01-22,4.6,65.1,울산광역시
2022-01-23,7.2,72.5,울산광역시
2022-01-24,5.2,62.8,울산광역시
2022-01-25,5.9,63.3,울산광역시
2022-01-26,4.7,49.0,울산광역시
2022-01-27,4.7,35.6,울산광역시
2022-01-28,3.4,21.6,울산광역시
2022-01-29,2.1,21.9,울산광역시
2022-01-30,1.7,26.5,울산광역시
2022-01-31,2.0,25.5,울산광역시
2022-02-01,2.3,42.0,울산광역시
2022-02-02,1.2,38.1,울산광역시
2022-02-03,1.6,30.8,울산광역시
2022-02-04,0.6,32.5,울산광역시
2022-02-05,-2.0,34.0,울산광역시
2022-02-06,-0.5,33.1,울산광역시
2022-02-07,1.3,28.6,울산광역시
2022-02-08,2.7,27.1,울산광역시
2022-02-09,4.2,44.8,울산광역시
2022-02-10,6.3,40.1,울산광역시
2022-02-11,5.2,39.5,울산광역시
2022-02-12,6.7,46.1,울산광역시
2022-02-13,6.4,75.9,울산광역시
2022-02-14,7.6,74.6,울산광역시
2022-02-15,1.9,39.3,울산광역시
2022-02-16,-2.6,34.6,울산광역시
2022-02-17,-3.6,25.3,울산광역시
2022-02-18,1.7,45.3,울산광역시
2022-02-19,4.0,47.9,울산광역시
2022-02-20,-1.4,25.9,울산광역시
2022-02-21,0.9,35.6,울산광역시
2022-02-22,0.2,25.8,울산광역시
2022-02-23,-1.0,25.5,울산광역시
2022-02-24,1.0,20.4,울산광역시
2022-02-25,5.6,30.4,울산광역시
2022-02-26,7.8,39.3,울산광역시
2022-02-27,7.3,23.4,울산광역시
2022-02-28,9.0,25.0,울산광역시
2022-03-01,11.3,61.1,울산광역시
2022-03-02,7.0,33.9,울산광역시
2022-03-03,8.2,36.1,울산광역시
2022-03-04,9.8,46.3,울산광역시
2022-03-05,8.4,21.9,울산광역시
2022-03-06,3.8,30.8,울산광역시
2022-03-07,5.6,48.1,울산광역시
2022-03-08,8.4,39.9,울산광역시
2022-03-09,9.4,56.8,울산광역시
2022-03-10,11.4,55.4,울산광역시
2022-03-11,13.7,63.1,울산광역시
2022-03-12,14.3,73.3,울산광역시
2022-03-13,15.1,86.3,울산광역시
2022-03-14,10.8,89.0,울산광역시
2022-03-15,10.3,63.3,울산광역시
2022-03-16,13.1,50.1,울산광역시
2022-03-17,9.2,83.4,울산광역시
2022-03-18,6.4,86.4,울산광역시
2022-03-19,4.5,90.6,울산광역시
2022-03-20,6.4,78.1,울산광역시
2022-03-21,8.0,59.9,울산광역시
2022-03-22,8.0,57.3,울산광역시
2022-03-23,7.6,61.5,울산광역시
2022-03-24,10.3,50.4,울산광역시
2022-03-25,13.6,69.3,울산광역시
2022-03-26,15.6,76.6,울산광역시
2022-03-27,13.9,38.6,울산광역시
2022-03-28,8.2,41.5,울산광역시
2022-03-29,10.0,59.4,울산광역시
2022-03-30,14.0,69.1,울산광역시
2022-03-31,9.7,75.4,울산광역시
2022-04-01,8.2,53.1,울산광역시
2022-04-02,9.2,59.3,울산광역시
2022-04-03,10.4,56.6,울산광역시
2022-04-04,11.7,63.4,울산광역시
2022-04-05,14.3,43.3,울산광역시
2022-04-06,14.6,35.0,울산광역시
2022-04-07,15.0,41.0,울산광역시
2022-04-08,13.6,54.5,울산광역시
2022-04-09,18.8,38.9,울산광역시
2022-04-10,18.7,51.0,울산광역시
2022-04-11,19.4,70.8,울산광역시
2022-04-12,19.0,76.3,울산광역시
2022-04-13,11.2,86.5,울산광역시
2022-04-14,9.9,83.6,울산광역시
2022-04-15,10.8,59.6,울산광역시
2022-04-16,11.1,54.0,울산광역시
2022-04-17,14.5,38.4,울산광역시
2022-04-18,16.9,24.9,울산광역시
2022-04-19,16.8,36.3,울산광역시
2022-04-20,18.5,25.4,울산광역시
2022-04-21,14.2,67.8,울산광역시
2022-04-22,18.1,61.8,울산광역시
2022-04-23,17.1,61.0,울산광역시
2022-04-24,18.1,70.1,울산광역시
2022-04-25,20.6,62.5,울산광역시
2022-04-26,18.0,95.5,울산광역시
2022-01-01,-7.3,54.0,경상북도
2022-01-02,-4.6,64.6,경상북도
2022-01-03,-4.2,61.0,경상북도
2022-01-04,-1.3,50.0,경상북도
2022-01-05,-2.6,54.5,경상북도
2022-01-06,-1.3,54.4,경상북도
2022-01-07,-4.5,56.5,경상북도
2022-01-08,-2.7,59.6,경상북도
2022-01-09,0.0,72.0,경상북도
2022-01-10,-0.7,66.9,경상북도
2022-01-11,-2.6,46.4,경상북도
2022-01-12,-6.8,53.9,경상북도
2022-01-13,-6.4,52.5,경상북도
2022-01-14,-7.1,53.0,경상북도
2022-01-15,-2.7,51.8,경상북도
2022-01-16,-0.2,47.9,경상북도
2022-01-17,-3.6,59.0,경상북도
2022-01-18,-6.3,51.8,경상북도
2022-01-19,-4.3,60.1,경상북도
2022-01-20,-5.0,62.8,경상북도
2022-01-21,-5.1,56.1,경상북도
2022-01-22,-0.1,60.1,경상북도
2022-01-23,4.6,64.8,경상북도
2022-01-24,2.6,68.1,경상북도
2022-01-25,1.9,83.0,경상북도
2022-01-26,0.4,75.4,경상북도
2022-01-27,-1.3,62.5,경상북도
2022-01-28,-2.4,53.8,경상북도
2022-01-29,-1.7,43.5,경상북도
2022-01-30,-3.5,51.0,경상북도
2022-01-31,-4.0,51.9,경상북도
2022-02-01,-1.6,60.0,경상북도
2022-02-02,-2.4,55.5,경상북도
2022-02-03,-3.6,51.9,경상북도
2022-02-04,-3.3,51.8,경상북도
2022-02-05,-4.6,47.1,경상북도
2022-02-06,-4.0,49.1,경상북도
2022-02-07,-3.3,52.4,경상북도
2022-02-08,-3.0,52.6,경상북도
2022-02-09,-1.2,50.3,경상북도
2022-02-10,1.5,45.0,경상북도
2022-02-11,-0.6,52.5,경상북도
2022-02-12,1.8,55.5,경상북도
2022-02-13,3.4,69.4,경상북도
2022-02-14,4.5,62.4,경상북도
2022-02-15,-0.9,49.1,경상북도
2022-02-16,-4.6,44.8,경상북도
2022-02-17,-6.3,40.3,경상북도
2022-02-18,-3.7,48.4,경상북도
2022-02-19,0.5,47.6,경상북도
2022-02-20,-2.8,33.6,경상북도
2022-02-21,-2.1,52.3,경상북도
2022-02-22,-1.3,38.4,경상북도
2022-02-23,-3.4,36.3,경상북도
2022-02-24,-4.1,45.8,경상북도
2022-02-25,-0.1,57.1,경상북도
2022-02-26,4.1,59.6,경상북도
2022-02-27,2.9,50.3,경상북도
2022-02-28,3.1,44.9,경상북도
2022-03-01,6.6,54.4,경상북도
2022-03-02,4.0,47.1,경상북도
2022-03-03,3.8,52.9,경상북도
2022-03-04,7.1,50.5,경상북도
2022-03-05,5.3,33.0,경상북도
2022-03-06,0.9,38.4,경상북도
2022-03-07,1.1,40.4,경상북도
2022-03-08,3.7,47.4,경상북도
2022-03-09,5.5,54.9,경상북도
2022-03-10,6.7,59.1,경상북도
2022-03-11,9.2,60.3,경상북도
2022-03-12,12.9,69.4,경상북도
2022-03-13,13.4,95.9,경상북도
2022-03-14,10.9,81.5,경상북도
2022-03-15,8.3,71.9,경상북도
2022-03-16,9.9,65.4,경상북도
2022-03-17,7.7,86.5,경상북도
2022-03-18,5.6,83.9,경상북도
2022-03-19,2.9,94.9,경상북도
2022-03-20,4.8,81.0,경상북도
2022-03-21,5.8,66.1,경상북도
2022-03-22,6.2,62.4,경상북도
2022-03-23,3.5,76.5,경상북도
2022-03-24,5.4,74.3,경상북도
2022-03-25,11.7,70.6,경상북도
2022-03-26,12.7,85.0,경상북도
2022-03-27,10.2,55.5,경상북도
2022-03-28,6.1,54.8,경상북도
2022-03-29,8.1,59.8,경상북도
2022-03-30,11.5,67.4,경상북도
2022-03-31,9.4,79.5,경상북도
2022-04-01,6.1,75.1,경상북도
2022-04-02,6.9,58.8,경상북도
2022-04-03,7.7,52.4,경상북도
2022-04-04,9.4,56.1,경상북도
2022-04-05,9.6,48.0,경상북도
2022-04-06,11.9,42.8,경상북도
2022-04-07,11.3,53.9,경상북도
2022-04-08,11.7,48.8,경상북도
2022-04-09,15.6,52.9,경상북도
2022-04-10,17.0,50.6,경상북도
2022-04-11,19.3,61.1,경상북도
2022-04-12,19.8,62.4,경상북도
2022-04-13,11.8,81.6,경상북도
2022-04-14,10.3,71.0,경상북도
2022-04-15,12.1,55.8,경상북도
2022-04-16,10.8,54.8,경상북도
2022-04-17,11.7,44.1,경상북도
2022-04-18,13.5,46.8,경상북도
2022-04-19,13.7,47.4,경상북도
2022-04-20,13.9,46.8,경상북도
2022-04-21,11.4,62.8,경상북도
2022-04-22,16.8,64.9,경상북도
2022-04-23,18.5,59.4,경상북도
2022-04-24,18.0,60.9,경상북도
2022-04-25,19.5,61.5,경상북도
2022-04-26,16.9,94.6,경상북도
2022-01-01,-2.8,43.4,경상남도
2022-01-02,-1.0,56.8,경상남도
2022-01-03,-1.5,56.6,경상남도
2022-01-04,-0.4,52.5,경상남도
2022-01-05,0.8,41.1,경상남도
2022-01-06,2.1,41.9,경상남도
2022-01-07,-1.6,52.8,경상남도
2022-01-08,-1.4,53.8,경상남도
2022-01-09,0.4,65.4,경상남도
2022-01-10,1.5,66.4,경상남도
2022-01-11,-0.1,37.5,경상남도
2022-01-12,-2.8,41.0,경상남도
2022-01-13,-3.0,36.9,경상남도
2022-01-14,-4.0,45.8,경상남도
2022-01-15,-1.6,45.9,경상남도
2022-01-16,0.4,45.9,경상남도
2022-01-17,-0.7,47.1,경상남도
2022-01-18,-3.3,37.1,경상남도
2022-01-19,-1.3,47.3,경상남도
2022-01-20,-1.9,47.1,경상남도
2022-01-21,-2.7,53.1,경상남도
2022-01-22,1.2,57.1,경상남도
2022-01-23,5.0,60.9,경상남도
2022-01-24,4.7,53.3,경상남도
2022-01-25,4.2,57.6,경상남도
2022-01-26,2.5,52.5,경상남도
2022-01-27,1.9,45.8,경상남도
2022-01-28,1.4,31.0,경상남도
2022-01-29,0.8,31.9,경상남도
2022-01-30,-0.2,35.4,경상남도
2022-01-31,-1.3,41.4,경상남도
2022-02-01,0.8,44.3,경상남도
2022-02-02,-0.7,46.8,경상남도
2022-02-03,-0.2,35.0,경상남도
2022-02-04,-0.6,33.8,경상남도
2022-02-05,-1.9,35.1,경상남도
2022-02-06,-1.8,43.0,경상남도
2022-02-07,-0.8,35.8,경상남도
2022-02-08,0.9,32.4,경상남도
2022-02-09,1.7,43.5,경상남도
2022-02-10,4.6,33.4,경상남도
2022-02-11,2.2,36.0,경상남도
2022-02-12,4.4,36.1,경상남도
2022-02-13,6.1,48.3,경상남도
2022-02-14,5.9,50.8,경상남도
2022-02-15,0.9,34.0,경상남도
2022-02-16,-2.4,36.6,경상남도
2022-02-17,-4.0,31.6,경상남도
2022-02-18,-0.8,41.6,경상남도
2022-02-19,3.7,36.3,경상남도
2022-02-20,-1.3,22.5,경상남도
2022-02-21,0.1,32.1,경상남도
2022-02-22,0.9,22.9,경상남도
2022-02-23,-0.5,24.8,경상남도
2022-02-24,-0.5,38.0,경상남도
2022-02-25,2.5,45.4,경상남도
2022-02-26,5.8,50.9,경상남도
2022-02-27,6.3,25.8,경상남도
2022-02-28,5.6,31.6,경상남도
2022-03-01,8.4,58.0,경상남도
2022-03-02,5.1,35.0,경상남도
2022-03-03,5.9,41.3,경상남도
2022-03-04,7.6,51.9,경상남도
2022-03-05,6.7,22.4,경상남도
2022-03-06,3.4,0.0,경상남도
2022-03-07,4.3,36.4,경상남도
2022-03-08,5.9,40.1,경상남도
2022-03-09,7.4,41.5,경상남도
2022-03-10,9.3,52.9,경상남도
2022-03-11,11.2,68.6,경상남도
2022-03-12,15.6,63.3,경상남도
2022-03-13,16.1,74.4,경상남도
2022-03-14,12.3,74.6,경상남도
2022-03-15,10.1,55.3,경상남도
2022-03-16,12.1,49.0,경상남도
2022-03-17,9.7,71.9,경상남도
2022-03-18,7.5,71.3,경상남도
2022-03-19,5.1,71.9,경상남도
2022-03-20,5.7,63.5,경상남도
2022-03-21,7.8,46.3,경상남도
2022-03-22,8.4,46.8,경상남도
2022-03-23,6.0,61.9,경상남도
2022-03-24,8.3,49.9,경상남도
2022-03-25,12.3,61.9,경상남도
2022-03-26,14.1,68.9,경상남도
2022-03-27,12.4,41.8,경상남도
2022-03-28,8.1,42.0,경상남도
2022-03-29,10.1,44.8,경상남도
2022-03-30,12.5,66.3,경상남도
2022-03-31,12.9,69.6,경상남도
2022-04-01,9.1,54.1,경상남도
2022-04-02,9.5,53.8,경상남도
2022-04-03,9.9,50.8,경상남도
2022-04-04,11.1,51.8,경상남도
2022-04-05,12.2,40.1,경상남도
2022-04-06,13.4,37.0,경상남도
2022-04-07,13.1,37.5,경상남도
2022-04-08,13.5,42.1,경상남도
2022-04-09,15.5,46.3,경상남도
2022-04-10,16.8,54.5,경상남도
2022-04-11,17.9,67.6,경상남도
2022-04-12,20.8,60.5,경상남도
2022-04-13,15.2,66.1,경상남도
2022-04-14,12.0,57.6,경상남도
2022-04-15,13.7,47.0,경상남도
2022-04-16,12.2,45.6,경상남도
2022-04-17,13.1,41.0,경상남도
2022-04-18,15.5,36.4,경상남도
2022-04-19,15.6,38.0,경상남도
2022-04-20,15.5,45.8,경상남도
2022-04-21,11.4,79.8,경상남도
2022-04-22,17.4,67.3,경상남도
2022-04-23,17.3,69.4,경상남도
2022-04-24,20.6,62.0,경상남도
2022-04-25,20.2,63.4,경상남도
2022-04-26,18.8,89.5,경상남도
2022-01-01,-2.7,52.5,전라북도
2022-01-02,0.3,59.8,전라북도
2022-01-03,-0.7,66.9,전라북도
2022-01-04,0.8,55.3,전라북도
2022-01-05,0.1,49.8,전라북도
2022-01-06,0.4,56.1,전라북도
2022-01-07,-1.0,60.9,전라북도
2022-01-08,1.4,61.6,전라북도
2022-01-09,2.9,68.8,전라북도
2022-01-10,1.7,69.5,전라북도
2022-01-11,-2.7,58.9,전라북도
2022-01-12,-3.7,58.8,전라북도
2022-01-13,-3.9,59.4,전라북도
2022-01-14,-2.7,49.0,전라북도
2022-01-15,2.1,48.0,전라북도
2022-01-16,1.1,64.1,전라북도
2022-01-17,-1.8,67.8,전라북도
2022-01-18,-2.9,47.6,전라북도
2022-01-19,-1.7,62.3,전라북도
2022-01-20,-3.1,63.3,전라북도
2022-01-21,-0.6,58.8,전라북도
2022-01-22,4.3,56.6,전라북도
2022-01-23,4.6,65.8,전라북도
2022-01-24,5.4,61.6,전라북도
2022-01-25,4.8,72.5,전라북도
2022-01-26,2.7,72.3,전라북도
2022-01-27,1.2,59.8,전라북도
2022-01-28,-0.5,61.0,전라북도
2022-01-29,-0.8,51.8,전라북도
2022-01-30,-1.2,51.0,전라북도
2022-01-31,-0.2,58.3,전라북도
2022-02-01,0.9,69.8,전라북도
2022-02-02,0.3,56.0,전라북도
2022-02-03,-0.5,45.8,전라북도
2022-02-04,-2.0,63.8,전라북도
2022-02-05,-3.7,70.4,전라북도
2022-02-06,-2.1,65.6,전라북도
2022-02-07,-1.4,53.4,전라북도
2022-02-08,0.4,58.0,전라북도
2022-02-09,1.7,55.6,전라북도
2022-02-10,3.3,56.5,전라북도
2022-02-11,3.3,55.9,전라북도
2022-02-12,5.0,53.1,전라북도
2022-02-13,6.1,49.3,전라북도
2022-02-14,4.2,60.3,전라북도
2022-02-15,-1.6,63.3,전라북도
2022-02-16,-4.4,66.0,전라북도
2022-02-17,-4.5,53.1,전라북도
2022-02-18,0.3,45.6,전라북도
2022-02-19,1.2,55.8,전라북도
2022-02-20,-3.0,52.8,전라북도
2022-02-21,-0.2,62.3,전라북도
2022-02-22,-1.3,54.6,전라북도
2022-02-23,-3.3,42.6,전라북도
2022-02-24,-1.3,55.0,전라북도
2022-02-25,2.7,65.1,전라북도
2022-02-26,6.3,62.8,전라북도
2022-02-27,4.7,50.1,전라북도
2022-02-28,7.0,44.6,전라북도
2022-03-01,6.3,80.8,전라북도
2022-03-02,3.2,59.8,전라북도
2022-03-03,6.2,58.0,전라북도
2022-03-04,10.1,53.8,전라북도
2022-03-05,3.9,48.4,전라북도
2022-03-06,1.7,47.8,전라북도
2022-03-07,3.3,50.8,전라북도
2022-03-08,6.0,50.8,전라북도
2022-03-09,7.7,54.0,전라북도
2022-03-10,10.5,43.5,전라북도
2022-03-11,13.4,58.6,전라북도
2022-03-12,16.4,63.6,전라북도
2022-03-13,14.8,88.4,전라북도
2022-03-14,10.8,91.4,전라북도
2022-03-15,8.9,69.6,전라북도
2022-03-16,11.7,58.5,전라북도
2022-03-17,10.6,73.0,전라북도
2022-03-18,7.9,82.4,전라북도
2022-03-19,4.8,83.8,전라북도
2022-03-20,4.5,76.3,전라북도
2022-03-21,6.0,60.1,전라북도
2022-03-22,7.0,51.8,전라북도
2022-03-23,5.9,68.0,전라북도
2022-03-24,9.3,61.8,전라북도
2022-03-25,14.5,65.0,전라북도
2022-03-26,10.6,86.5,전라북도
2022-03-27,8.2,62.8,전라북도
2022-03-28,7.8,47.3,전라북도
2022-03-29,11.0,54.4,전라북도
2022-03-30,12.7,77.9,전라북도
2022-03-31,9.2,84.8,전라북도
2022-04-01,9.4,62.1,전라북도
2022-04-02,7.3,58.6,전라북도
2022-04-03,8.6,56.1,전라북도
2022-04-04,10.0,48.9,전라북도
2022-04-05,10.3,38.3,전라북도
2022-04-06,11.0,56.8,전라북도
2022-04-07,10.5,59.8,전라북도
2022-04-08,13.8,40.0,전라북도
2022-04-09,19.2,37.6,전라북도
2022-04-10,18.6,44.8,전라북도
2022-04-11,20.9,61.4,전라북도
2022-04-12,19.8,72.5,전라북도
2022-04-13,15.2,92.0,전라북도
2022-04-14,13.1,76.9,전라북도
2022-04-15,12.3,63.0,전라북도
2022-04-16,12.1,55.0,전라북도
2022-04-17,12.8,48.8,전라북도
2022-04-18,14.4,43.6,전라북도
2022-04-19,14.6,43.1,전라북도
2022-04-20,14.9,43.1,전라북도
2022-04-21,15.3,49.4,전라북도
2022-04-22,17.4,67.6,전라북도
2022-04-23,18.2,69.6,전라북도
2022-04-24,18.8,73.1,전라북도
2022-04-25,20.3,67.1,전라북도
2022-04-26,17.5,89.6,전라북도
2022-01-01,-0.1,39.4,전라남도
2022-01-02,0.7,67.1,전라남도
2022-01-03,0.4,70.0,전라남도
2022-01-04,2.0,54.8,전라남도
2022-01-05,2.2,37.1,전라남도
2022-01-06,2.4,44.4,전라남도
2022-01-07,0.9,56.3,전라남도
2022-01-08,1.7,62.0,전라남도
2022-01-09,3.3,74.3,전라남도
2022-01-10,2.8,71.3,전라남도
2022-01-11,-1.6,82.4,전라남도
2022-01-12,-2.5,64.4,전라남도
2022-01-13,-2.5,72.0,전라남도
2022-01-14,-0.9,49.3,전라남도
2022-01-15,2.2,54.5,전라남도
2022-01-16,1.9,66.6,전라남도
2022-01-17,0.4,63.0,전라남도
2022-01-18,-1.3,40.8,전라남도
2022-01-19,-0.1,59.9,전라남도
2022-01-20,-1.4,52.5,전라남도
2022-01-21,1.7,59.6,전라남도
2022-01-22,7.1,57.0,전라남도
2022-01-23,7.1,62.8,전라남도
2022-01-24,6.0,65.6,전라남도
2022-01-25,5.7,71.5,전라남도
2022-01-26,4.1,60.6,전라남도
2022-01-27,2.4,51.6,전라남도
2022-01-28,1.0,51.8,전라남도
2022-01-29,0.6,47.8,전라남도
2022-01-30,0.7,45.9,전라남도
2022-01-31,1.4,56.3,전라남도
2022-02-01,1.8,70.9,전라남도
2022-02-02,1.4,55.5,전라남도
2022-02-03,0.5,45.9,전라남도
2022-02-04,-0.6,59.3,전라남도
2022-02-05,-2.1,78.8,전라남도
2022-02-06,-1.4,77.9,전라남도
2022-02-07,-0.1,48.0,전라남도
2022-02-08,1.8,48.3,전라남도
2022-02-09,3.3,53.5,전라남도
2022-02-10,4.2,45.3,전라남도
2022-02-11,4.8,45.0,전라남도
2022-02-12,6.9,43.0,전라남도
2022-02-13,7.8,45.6,전라남도
2022-02-14,5.6,59.4,전라남도
2022-02-15,-0.5,65.4,전라남도
2022-02-16,-3.1,83.0,전라남도
2022-02-17,-3.9,56.5,전라남도
2022-02-18,1.4,50.0,전라남도
2022-02-19,2.2,56.1,전라남도
2022-02-20,-2.1,60.5,전라남도
2022-02-21,1.0,60.1,전라남도
2022-02-22,0.2,50.5,전라남도
2022-02-23,-2.0,43.8,전라남도
2022-02-24,0.0,50.5,전라남도
2022-02-25,3.3,64.4,전라남도
2022-02-26,6.0,71.4,전라남도
2022-02-27,6.0,40.6,전라남도
2022-02-28,7.6,46.4,전라남도
2022-03-01,7.1,85.3,전라남도
2022-03-02,4.1,55.0,전라남도
2022-03-03,6.7,67.0,전라남도
2022-03-04,10.5,67.5,전라남도
2022-03-05,5.2,50.4,전라남도
2022-03-06,3.3,40.1,전라남도
2022-03-07,4.8,43.6,전라남도
2022-03-08,7.2,52.4,전라남도
2022-03-09,9.5,53.4,전라남도
2022-03-10,11.3,50.3,전라남도
2022-03-11,14.6,70.6,전라남도
2022-03-12,17.1,75.9,전라남도
2022-03-13,15.2,95.1,전라남도
2022-03-14,11.9,97.5,전라남도
2022-03-15,10.3,72.3,전라남도
2022-03-16,13.3,59.0,전라남도
2022-03-17,11.3,80.1,전라남도
2022-03-18,8.5,96.6,전라남도
2022-03-19,5.3,88.5,전라남도
2022-03-20,5.2,82.1,전라남도
2022-03-21,7.4,51.1,전라남도
2022-03-22,8.2,47.4,전라남도
2022-03-23,7.4,62.6,전라남도
2022-03-24,9.8,60.4,전라남도
2022-03-25,14.6,76.8,전라남도
2022-03-26,10.5,96.9,전라남도
2022-03-27,8.9,61.9,전라남도
2022-03-28,9.4,41.5,전라남도
2022-03-29,11.9,55.5,전라남도
2022-03-30,14.9,77.0,전라남도
2022-03-31,10.8,84.9,전라남도
2022-04-01,10.0,65.8,전라남도
2022-04-02,8.4,53.6,전라남도
2022-04-03,9.7,47.6,전라남도
2022-04-04,11.1,44.9,전라남도
2022-04-05,11.0,39.9,전라남도
2022-04-06,12.5,56.5,전라남도
2022-04-07,12.2,60.6,전라남도
2022-04-08,14.8,40.3,전라남도
2022-04-09,17.8,38.4,전라남도
2022-04-10,18.7,52.1,전라남도
2022-04-11,20.5,77.4,전라남도
2022-04-12,21.1,79.5,전라남도
2022-04-13,17.9,94.0,전라남도
2022-04-14,15.4,78.3,전라남도
2022-04-15,14.4,57.6,전라남도
2022-04-16,13.3,45.5,전라남도
2022-04-17,13.8,38.5,전라남도
2022-04-18,16.4,30.9,전라남도
2022-04-19,16.3,30.9,전라남도
2022-04-20,16.3,40.6,전라남도
2022-04-21,15.4,53.4,전라남도
2022-04-22,17.6,74.4,전라남도
2022-04-23,19.5,75.0,전라남도
2022-04-24,20.7,75.8,전라남도
2022-04-25,19.7,80.4,전라남도
2022-04-26,17.8,99.0,전라남도
2022-01-01,-4.4,54.5,세종시
2022-01-02,-1.2,58.5,세종시
2022-01-03,-1.7,63.6,세종시
2022-01-04,0.1,48.5,세종시
2022-01-05,-1.4,53.1,세종시
2022-01-06,-0.7,48.4,세종시
2022-01-07,-1.5,50.8,세종시
2022-01-08,0.7,56.5,세종시
2022-01-09,2.5,63.5,세종시
2022-01-10,0.7,62.9,세종시
2022-01-11,-3.8,55.5,세종시
2022-01-12,-5.1,49.4,세종시
2022-01-13,-4.5,51.9,세종시
2022-01-14,-4.0,46.0,세종시
2022-01-15,0.6,45.0,세종시
2022-01-16,0.7,53.0,세종시
2022-01-17,-3.1,59.3,세종시
2022-01-18,-4.4,40.5,세종시
2022-01-19,-3.2,59.6,세종시
2022-01-20,-4.0,56.5,세종시
2022-01-21,-1.9,50.6,세종시
2022-01-22,3.6,47.1,세종시
2022-01-23,4.6,50.5,세종시
2022-01-24,4.1,55.6,세종시
2022-01-25,3.4,76.0,세종시
2022-01-26,2.7,56.5,세종시
2022-01-27,0.3,49.9,세종시
2022-01-28,-1.0,49.3,세종시
2022-01-29,-2.0,45.1,세종시
2022-01-30,-2.0,44.3,세종시
2022-01-31,-0.5,54.4,세종시
2022-02-01,0.4,64.5,세종시
2022-02-02,-0.2,44.9,세종시
2022-02-03,-1.7,44.1,세종시
2022-02-04,-2.4,53.0,세종시
2022-02-05,-4.9,59.6,세종시
2022-02-06,-3.0,61.9,세종시
2022-02-07,-2.1,47.3,세종시
2022-02-08,-0.1,47.9,세종시
2022-02-09,1.5,45.4,세종시
2022-02-10,2.9,39.6,세종시
2022-02-11,2.8,45.9,세종시
2022-02-12,4.3,44.8,세종시
2022-02-13,5.0,48.3,세종시
2022-02-14,4.1,55.5,세종시
2022-02-15,-2.3,53.5,세종시
2022-02-16,-5.6,55.3,세종시
2022-02-17,-5.5,43.9,세종시
2022-02-18,-0.9,39.4,세종시
2022-02-19,0.5,45.1,세종시
2022-02-20,-3.2,40.9,세종시
2022-02-21,-0.7,50.3,세종시
2022-02-22,-2.2,44.9,세종시
2022-02-23,-4.1,34.9,세종시
2022-02-24,-1.6,41.9,세종시
2022-02-25,2.9,63.1,세종시
2022-02-26,6.8,62.1,세종시
2022-02-27,5.0,46.9,세종시
2022-02-28,6.9,44.3,세종시
2022-03-01,6.7,64.9,세종시
2022-03-02,3.8,52.9,세종시
2022-03-03,7.0,49.5,세종시
2022-03-04,8.6,48.6,세종시
2022-03-05,3.9,36.0,세종시
2022-03-06,2.2,32.3,세종시
2022-03-07,4.3,36.3,세종시
2022-03-08,6.1,48.9,세종시
2022-03-09,7.8,51.9,세종시
2022-03-10,9.6,39.9,세종시
2022-03-11,11.0,55.1,세종시
2022-03-12,15.3,64.1,세종시
2022-03-13,14.4,88.3,세종시
2022-03-14,11.3,85.8,세종시
2022-03-15,9.4,65.1,세종시
2022-03-16,11.3,58.0,세종시
2022-03-17,9.1,79.1,세종시
2022-03-18,6.4,76.0,세종시
2022-03-19,4.1,82.8,세종시
2022-03-20,5.1,68.9,세종시
2022-03-21,5.8,48.6,세종시
2022-03-22,6.9,44.3,세종시
2022-03-23,5.8,60.3,세종시
2022-03-24,8.7,61.4,세종시
2022-03-25,12.6,66.6,세종시
2022-03-26,11.0,89.6,세종시
2022-03-27,8.4,53.3,세종시
2022-03-28,7.7,44.1,세종시
2022-03-29,10.7,49.8,세종시
2022-03-30,12.4,69.0,세종시
2022-03-31,11.4,69.4,세종시
2022-04-01,9.7,47.4,세종시
2022-04-02,8.1,47.3,세종시
2022-04-03,9.6,45.0,세종시
2022-04-04,10.8,41.8,세종시
2022-04-05,10.3,38.6,세종시
2022-04-06,12.5,36.8,세종시
2022-04-07,11.9,47.9,세종시
2022-04-08,13.9,35.1,세종시
2022-04-09,18.2,39.8,세종시
2022-04-10,18.6,43.3,세종시
2022-04-11,20.6,54.1,세종시
2022-04-12,20.7,66.3,세종시
2022-04-13,14.0,87.5,세종시
2022-04-14,10.7,74.0,세종시
2022-04-15,12.6,54.3,세종시
2022-04-16,13.1,44.4,세종시
2022-04-17,13.9,40.3,세종시
2022-04-18,15.0,43.0,세종시
2022-04-19,15.7,38.9,세종시
2022-04-20,15.2,41.1,세종시
2022-04-21,14.6,50.1,세종시
2022-04-22,16.7,64.1,세종시
2022-04-23,18.9,55.3,세종시
2022-04-24,19.7,64.5,세종시
2022-04-25,20.1,66.0,세종시
2022-04-26,18.8,79.1,세종시
2022-01-01,-4.4,54.5,대전광역시
2022-01-02,-1.2,58.5,대전광역시
2022-01-03,-1.7,63.6,대전광역시
2022-01-04,0.1,48.5,대전광역시
2022-01-05,-1.4,53.1,대전광역시
2022-01-06,-0.7,48.4,대전광역시
2022-01-07,-1.5,50.8,대전광역시
2022-01-08,0.7,56.5,대전광역시
2022-01-09,2.5,63.5,대전광역시
2022-01-10,0.7,62.9,대전광역시
2022-01-11,-3.8,55.5,대전광역시
2022-01-12,-5.1,49.4,대전광역시
2022-01-13,-4.5,51.9,대전광역시
2022-01-14,-4.0,46.0,대전광역시
2022-01-15,0.6,45.0,대전광역시
2022-01-16,0.7,53.0,대전광역시
2022-01-17,-3.1,59.3,대전광역시
2022-01-18,-4.4,40.5,대전광역시
2022-01-19,-3.2,59.6,대전광역시
2022-01-20,-4.0,56.5,대전광역시
2022-01-21,-1.9,50.6,대전광역시
2022-01-22,3.6,47.1,대전광역시
2022-01-23,4.6,50.5,대전광역시
2022-01-24,4.1,55.6,대전광역시
2022-01-25,3.4,76.0,대전광역시
2022-01-26,2.7,56.5,대전광역시
2022-01-27,0.3,49.9,대전광역시
2022-01-28,-1.0,49.3,대전광역시
2022-01-29,-2.0,45.1,대전광역시
2022-01-30,-2.0,44.3,대전광역시
2022-01-31,-0.5,54.4,대전광역시
2022-02-01,0.4,64.5,대전광역시
2022-02-02,-0.2,44.9,대전광역시
2022-02-03,-1.7,44.1,대전광역시
2022-02-04,-2.4,53.0,대전광역시
2022-02-05,-4.9,59.6,대전광역시
2022-02-06,-3.0,61.9,대전광역시
2022-02-07,-2.1,47.3,대전광역시
2022-02-08,-0.1,47.9,대전광역시
2022-02-09,1.5,45.4,대전광역시
2022-02-10,2.9,39.6,대전광역시
2022-02-11,2.8,45.9,대전광역시
2022-02-12,4.3,44.8,대전광역시
2022-02-13,5.0,48.3,대전광역시
2022-02-14,4.1,55.5,대전광역시
2022-02-15,-2.3,53.5,대전광역시
2022-02-16,-5.6,55.3,대전광역시
2022-02-17,-5.5,43.9,대전광역시
2022-02-18,-0.9,39.4,대전광역시
2022-02-19,0.5,45.1,대전광역시
2022-02-20,-3.2,40.9,대전광역시
2022-02-21,-0.7,50.3,대전광역시
2022-02-22,-2.2,44.9,대전광역시
2022-02-23,-4.1,34.9,대전광역시
2022-02-24,-1.6,41.9,대전광역시
2022-02-25,2.9,63.1,대전광역시
2022-02-26,6.8,62.1,대전광역시
2022-02-27,5.0,46.9,대전광역시
2022-02-28,6.9,44.3,대전광역시
2022-03-01,6.7,64.9,대전광역시
2022-03-02,3.8,52.9,대전광역시
2022-03-03,7.0,49.5,대전광역시
2022-03-04,8.6,48.6,대전광역시
2022-03-05,3.9,36.0,대전광역시
2022-03-06,2.2,32.3,대전광역시
2022-03-07,4.3,36.3,대전광역시
2022-03-08,6.1,48.9,대전광역시
2022-03-09,7.8,51.9,대전광역시
2022-03-10,9.6,39.9,대전광역시
2022-03-11,11.0,55.1,대전광역시
2022-03-12,15.3,64.1,대전광역시
2022-03-13,14.4,88.3,대전광역시
2022-03-14,11.3,85.8,대전광역시
2022-03-15,9.4,65.1,대전광역시
2022-03-16,11.3,58.0,대전광역시
2022-03-17,9.1,79.1,대전광역시
2022-03-18,6.4,76.0,대전광역시
2022-03-19,4.1,82.8,대전광역시
2022-03-20,5.1,68.9,대전광역시
2022-03-21,5.8,48.6,대전광역시
2022-03-22,6.9,44.3,대전광역시
2022-03-23,5.8,60.3,대전광역시
2022-03-24,8.7,61.4,대전광역시
2022-03-25,12.6,66.6,대전광역시
2022-03-26,11.0,89.6,대전광역시
2022-03-27,8.4,53.3,대전광역시
2022-03-28,7.7,44.1,대전광역시
2022-03-29,10.7,49.8,대전광역시
2022-03-30,12.4,69.0,대전광역시
2022-03-31,11.4,69.4,대전광역시
2022-04-01,9.7,47.4,대전광역시
2022-04-02,8.1,47.3,대전광역시
2022-04-03,9.6,45.0,대전광역시
2022-04-04,10.8,41.8,대전광역시
2022-04-05,10.3,38.6,대전광역시
2022-04-06,12.5,36.8,대전광역시
2022-04-07,11.9,47.9,대전광역시
2022-04-08,13.9,35.1,대전광역시
2022-04-09,18.2,39.8,대전광역시
2022-04-10,18.6,43.3,대전광역시
2022-04-11,20.6,54.1,대전광역시
2022-04-12,20.7,66.3,대전광역시
2022-04-13,14.0,87.5,대전광역시
2022-04-14,10.7,74.0,대전광역시
2022-04-15,12.6,54.3,대전광역시
2022-04-16,13.1,44.4,대전광역시
2022-04-17,13.9,40.3,대전광역시
2022-04-18,15.0,43.0,대전광역시
2022-04-19,15.7,38.9,대전광역시
2022-04-20,15.2,41.1,대전광역시
2022-04-21,14.6,50.1,대전광역시
2022-04-22,16.7,64.1,대전광역시
2022-04-23,18.9,55.3,대전광역시
2022-04-24,19.7,64.5,대전광역시
2022-04-25,20.1,66.0,대전광역시
2022-04-26,18.8,79.1,대전광역시
2022-01-01,-4.5,46.6,충청북도
2022-01-02,-0.9,55.9,충청북도
2022-01-03,-1.5,61.4,충청북도
2022-01-04,-0.2,46.3,충청북도
2022-01-05,-2.0,50.8,충청북도
2022-01-06,-0.4,47.3,충청북도
2022-01-07,-1.2,48.1,충청북도
2022-01-08,0.7,54.8,충청북도
2022-01-09,2.8,62.0,충청북도
2022-01-10,0.7,61.6,충청북도
2022-01-11,-4.8,56.4,충청북도
2022-01-12,-5.8,47.6,충청북도
2022-01-13,-4.6,49.1,충청북도
2022-01-14,-3.5,36.5,충청북도
2022-01-15,-0.1,42.0,충청북도
2022-01-16,0.2,51.1,충청북도
2022-01-17,-3.4,51.1,충청북도
2022-01-18,-4.3,41.1,충청북도
2022-01-19,-3.7,61.3,충청북도
2022-01-20,-3.6,57.6,충청북도
2022-01-21,-1.7,49.8,충청북도
2022-01-22,2.9,45.4,충청북도
2022-01-23,4.5,49.1,충청북도
2022-01-24,4.6,53.0,충청북도
2022-01-25,3.4,78.4,충청북도
2022-01-26,3.0,58.9,충청북도
2022-01-27,0.8,47.5,충청북도
2022-01-28,-0.8,46.0,충청북도
2022-01-29,-2.1,42.6,충청북도
2022-01-30,-2.6,48.0,충청북도
2022-01-31,-0.4,53.1,충청북도
2022-02-01,0.0,68.6,충청북도
2022-02-02,-1.1,53.5,충청북도
2022-02-03,-1.7,46.5,충청북도
2022-02-04,-2.8,55.5,충청북도
2022-02-05,-4.8,54.9,충청북도
2022-02-06,-2.5,52.1,충청북도
2022-02-07,-1.7,43.3,충청북도
2022-02-08,0.2,45.8,충청북도
2022-02-09,1.4,43.0,충청북도
2022-02-10,3.3,44.9,충청북도
2022-02-11,3.0,50.5,충청북도
2022-02-12,4.7,43.0,충청북도
2022-02-13,5.4,45.9,충청북도
2022-02-14,4.4,54.1,충청북도
2022-02-15,-2.9,61.4,충청북도
2022-02-16,-5.8,59.6,충청북도
2022-02-17,-5.2,39.0,충청북도
2022-02-18,-0.7,34.8,충청북도
2022-02-19,0.0,45.8,충청북도
2022-02-20,-3.6,37.4,충청북도
2022-02-21,-1.2,56.8,충청북도
2022-02-22,-2.3,39.5,충청북도
2022-02-23,-4.2,35.3,충청북도
2022-02-24,-1.5,38.9,충청북도
2022-02-25,3.1,57.0,충청북도
2022-02-26,6.0,65.1,충청북도
2022-02-27,5.0,42.0,충청북도
2022-02-28,6.6,43.1,충청북도
2022-03-01,5.9,66.5,충청북도
2022-03-02,3.8,52.0,충청북도
2022-03-03,6.5,52.1,충청북도
2022-03-04,8.7,50.5,충청북도
2022-03-05,3.7,34.8,충청북도
2022-03-06,2.5,31.5,충청북도
2022-03-07,3.9,36.0,충청북도
2022-03-08,6.2,49.4,충청북도
2022-03-09,8.1,53.8,충청북도
2022-03-10,9.9,39.0,충청북도
2022-03-11,11.6,49.1,충청북도
2022-03-12,15.4,63.3,충청북도
2022-03-13,14.1,86.6,충청북도
2022-03-14,10.7,85.1,충청북도
2022-03-15,9.6,61.8,충청북도
2022-03-16,11.3,59.1,충청북도
2022-03-17,9.5,73.8,충청북도
2022-03-18,7.2,69.4,충청북도
2022-03-19,4.6,76.8,충청북도
2022-03-20,5.9,64.5,충청북도
2022-03-21,5.8,47.3,충청북도
2022-03-22,7.5,42.8,충청북도
2022-03-23,6.4,57.4,충청북도
2022-03-24,9.0,58.9,충청북도
2022-03-25,13.3,60.4,충청북도
2022-03-26,12.0,81.3,충청북도
2022-03-27,8.5,53.4,충청북도
2022-03-28,8.4,37.3,충청북도
2022-03-29,11.0,45.6,충청북도
2022-03-30,12.1,71.1,충청북도
2022-03-31,11.1,70.9,충청북도
2022-04-01,9.8,47.1,충청북도
2022-04-02,8.6,41.9,충청북도
2022-04-03,9.8,41.9,충청북도
2022-04-04,11.2,38.9,충청북도
2022-04-05,11.1,37.1,충청북도
2022-04-06,12.6,32.6,충청북도
2022-04-07,12.3,35.5,충청북도
2022-04-08,14.4,30.5,충청북도
2022-04-09,18.6,35.3,충청북도
2022-04-10,19.2,38.4,충청북도
2022-04-11,21.0,48.4,충청북도
2022-04-12,20.9,62.9,충청북도
2022-04-13,13.3,84.1,충청북도
2022-04-14,10.1,77.0,충청북도
2022-04-15,12.5,52.1,충청북도
2022-04-16,13.4,37.6,충청북도
2022-04-17,14.5,33.4,충청북도
2022-04-18,15.7,38.4,충청북도
2022-04-19,16.2,35.3,충청북도
2022-04-20,16.3,33.4,충청북도
2022-04-21,15.8,41.0,충청북도
2022-04-22,17.5,59.1,충청북도
2022-04-23,18.6,54.6,충청북도
2022-04-24,19.7,58.9,충청북도
2022-04-25,21.0,63.3,충청북도
2022-04-26,19.1,72.6,충청북도
2022-01-01,-4.9,64.8,충청남도
2022-01-02,-1.5,73.9,충청남도
2022-01-03,-2.7,75.1,충청남도
2022-01-04,-1.7,63.4,충청남도
2022-01-05,-3.1,62.5,충청남도
2022-01-06,-2.7,68.9,충청남도
2022-01-07,-3.4,71.5,충청남도
2022-01-08,-0.7,79.8,충청남도
2022-01-09,0.1,76.8,충청남도
2022-01-10,-0.5,78.8,충청남도
2022-01-11,-4.4,61.9,충청남도
2022-01-12,-5.7,69.1,충청남도
2022-01-13,-4.4,62.9,충청남도
2022-01-14,-4.9,61.0,충청남도
2022-01-15,-0.4,65.6,충청남도
2022-01-16,-1.0,60.4,충청남도
2022-01-17,-3.9,69.4,충청남도
2022-01-18,-6.0,63.5,충청남도
2022-01-19,-4.9,78.6,충청남도
2022-01-20,-5.8,71.8,충청남도
2022-01-21,-2.9,63.0,충청남도
2022-01-22,0.4,64.8,충청남도
2022-01-23,1.7,64.1,충청남도
2022-01-24,4.1,63.6,충청남도
2022-01-25,2.5,86.9,충청남도
2022-01-26,0.9,71.9,충청남도
2022-01-27,-1.6,69.8,충청남도
2022-01-28,-1.7,61.9,충청남도
2022-01-29,-3.7,67.0,충청남도
2022-01-30,-2.9,60.5,충청남도
2022-01-31,-1.4,74.9,충청남도
2022-02-01,-0.8,81.9,충청남도
2022-02-02,-2.2,71.5,충청남도
2022-02-03,-3.5,67.5,충청남도
2022-02-04,-3.2,70.5,충청남도
2022-02-05,-3.7,59.5,충청남도
2022-02-06,-2.2,58.6,충청남도
2022-02-07,-2.9,60.4,충청남도
2022-02-08,-1.1,67.1,충청남도
2022-02-09,-0.4,70.4,충청남도
2022-02-10,0.2,68.8,충청남도
2022-02-11,0.9,68.1,충청남도
2022-02-12,2.5,68.6,충청남도
2022-02-13,3.5,61.5,충청남도
2022-02-14,1.6,72.1,충청남도
2022-02-15,-3.6,69.5,충청남도
2022-02-16,-5.0,59.1,충청남도
2022-02-17,-5.8,55.4,충청남도
2022-02-18,-2.0,50.4,충청남도
2022-02-19,-0.8,62.3,충청남도
2022-02-20,-3.5,51.1,충청남도
2022-02-21,-2.0,67.6,충청남도
2022-02-22,-2.8,48.9,충청남도
2022-02-23,-4.7,51.1,충청남도
2022-02-24,-2.7,61.6,충청남도
2022-02-25,1.0,85.5,충청남도
2022-02-26,4.6,82.9,충청남도
2022-02-27,3.1,65.6,충청남도
2022-02-28,4.9,58.8,충청남도
2022-03-01,4.4,77.1,충청남도
2022-03-02,1.4,73.9,충청남도
2022-03-03,3.3,79.3,충청남도
2022-03-04,6.8,75.8,충청남도
2022-03-05,2.6,42.1,충청남도
2022-03-06,1.1,44.4,충청남도
2022-03-07,1.0,63.0,충청남도
2022-03-08,3.2,73.1,충청남도
2022-03-09,5.9,76.4,충청남도
2022-03-10,5.7,70.9,충청남도
2022-03-11,10.7,69.4,충청남도
2022-03-12,11.4,85.0,충청남도
2022-03-13,10.5,97.1,충청남도
2022-03-14,7.3,95.5,충청남도
2022-03-15,5.2,82.9,충청남도
2022-03-16,7.6,72.0,충청남도
2022-03-17,8.2,77.5,충청남도
2022-03-18,7.3,73.5,충청남도
2022-03-19,3.9,87.1,충청남도
2022-03-20,3.7,76.1,충청남도
2022-03-21,3.7,62.5,충청남도
2022-03-22,5.0,65.6,충청남도
2022-03-23,4.8,70.0,충청남도
2022-03-24,7.0,72.9,충청남도
2022-03-25,12.2,70.5,충청남도
2022-03-26,9.8,83.0,충청남도
2022-03-27,5.9,65.6,충청남도
2022-03-28,5.3,54.4,충청남도
2022-03-29,7.7,66.9,충청남도
2022-03-30,8.8,90.9,충청남도
2022-03-31,8.5,81.1,충청남도
2022-04-01,7.5,64.0,충청남도
2022-04-02,4.8,68.1,충청남도
2022-04-03,6.5,63.6,충청남도
2022-04-04,7.5,56.6,충청남도
2022-04-05,7.1,56.6,충청남도
2022-04-06,10.0,62.8,충청남도
2022-04-07,9.3,63.3,충청남도
2022-04-08,10.5,64.0,충청남도
2022-04-09,15.6,51.4,충청남도
2022-04-10,16.7,56.4,충청남도
2022-04-11,17.8,74.9,충청남도
2022-04-12,16.1,88.6,충청남도
2022-04-13,11.0,94.6,충청남도
2022-04-14,10.0,82.9,충청남도
2022-04-15,10.7,64.5,충청남도
2022-04-16,11.3,59.5,충청남도
2022-04-17,10.5,75.3,충청남도
2022-04-18,12.3,64.8,충청남도
2022-04-19,12.0,70.6,충청남도
2022-04-20,12.4,65.9,충청남도
2022-04-21,12.5,62.9,충청남도
2022-04-22,13.5,85.4,충청남도
2022-04-23,15.1,72.5,충청남도
2022-04-24,16.5,83.9,충청남도
2022-04-25,19.0,79.4,충청남도
2022-04-26,17.8,78.1,충청남도
2022-01-01,-6.3,48.1,강원도
2022-01-02,-2.1,56.3,강원도
2022-01-03,-2.7,61.3,강원도
2022-01-04,-1.3,52.9,강원도
2022-01-05,-2.7,56.5,강원도
2022-01-06,-1.9,53.6,강원도
2022-01-07,-2.9,53.3,강원도
2022-01-08,-1.3,61.3,강원도
2022-01-09,1.8,73.1,강원도
2022-01-10,-0.4,73.9,강원도
2022-01-11,-4.7,52.8,강원도
2022-01-12,-7.1,49.4,강원도
2022-01-13,-6.0,45.6,강원도
2022-01-14,-6.7,49.8,강원도
2022-01-15,-2.5,54.8,강원도
2022-01-16,-0.4,53.6,강원도
2022-01-17,-4.8,52.8,강원도
2022-01-18,-6.2,54.3,강원도
2022-01-19,-5.4,71.1,강원도
2022-01-20,-5.2,68.1,강원도
2022-01-21,-3.9,61.4,강원도
2022-01-22,-0.6,59.9,강원도
2022-01-23,2.5,65.6,강원도
2022-01-24,3.5,56.1,강원도
2022-01-25,1.9,81.5,강원도
2022-01-26,2.1,64.4,강원도
2022-01-27,-0.2,55.5,강원도
2022-01-28,-1.9,51.6,강원도
2022-01-29,-2.9,45.8,강원도
2022-01-30,-3.7,48.1,강원도
2022-01-31,-2.4,52.3,강원도
2022-02-01,-1.1,72.0,강원도
2022-02-02,-1.9,49.9,강원도
2022-02-03,-2.7,48.4,강원도
2022-02-04,-4.5,47.1,강원도
2022-02-05,-5.8,42.3,강원도
2022-02-06,-3.8,46.5,강원도
2022-02-07,-2.9,46.8,강원도
2022-02-08,-1.6,48.3,강원도
2022-02-09,-0.5,44.1,강원도
2022-02-10,1.3,43.1,강원도
2022-02-11,1.4,50.1,강원도
2022-02-12,3.4,44.5,강원도
2022-02-13,3.7,50.8,강원도
2022-02-14,2.4,64.5,강원도
2022-02-15,-3.3,57.4,강원도
2022-02-16,-6.3,38.6,강원도
2022-02-17,-6.1,39.3,강원도
2022-02-18,-2.3,39.5,강원도
2022-02-19,-0.4,44.6,강원도
2022-02-20,-4.1,38.3,강원도
2022-02-21,-2.6,48.9,강원도
2022-02-22,-3.2,37.4,강원도
2022-02-23,-4.7,35.0,강원도
2022-02-24,-3.3,43.8,강원도
2022-02-25,2.0,59.5,강원도
2022-02-26,6.3,60.1,강원도
2022-02-27,4.4,46.3,강원도
2022-02-28,5.4,56.6,강원도
2022-03-01,4.7,77.9,강원도
2022-03-02,3.5,53.8,강원도
2022-03-03,6.3,48.4,강원도
2022-03-04,7.6,47.4,강원도
2022-03-05,3.5,33.0,강원도
2022-03-06,1.8,32.0,강원도
2022-03-07,2.7,40.6,강원도
2022-03-08,4.6,52.6,강원도
2022-03-09,6.3,51.9,강원도
2022-03-10,8.4,40.0,강원도
2022-03-11,9.2,53.4,강원도
2022-03-12,13.0,63.1,강원도
2022-03-13,12.9,91.0,강원도
2022-03-14,9.7,83.1,강원도
2022-03-15,7.7,69.0,강원도
2022-03-16,10.0,59.3,강원도
2022-03-17,10.2,59.8,강원도
2022-03-18,7.2,60.4,강원도
2022-03-19,3.4,86.0,강원도
2022-03-20,4.7,69.8,강원도
2022-03-21,4.8,56.8,강원도
2022-03-22,6.7,48.1,강원도
2022-03-23,5.6,53.8,강원도
2022-03-24,7.5,63.1,강원도
2022-03-25,11.2,66.5,강원도
2022-03-26,12.2,81.1,강원도
2022-03-27,8.3,53.1,강원도
2022-03-28,6.9,40.0,강원도
2022-03-29,8.9,47.9,강원도
2022-03-30,10.2,73.1,강원도
2022-03-31,10.3,71.0,강원도
2022-04-01,8.3,51.9,강원도
2022-04-02,8.1,42.8,강원도
2022-04-03,9.3,44.3,강원도
2022-04-04,10.1,41.8,강원도
2022-04-05,10.5,39.3,강원도
2022-04-06,12.6,37.5,강원도
2022-04-07,12.1,34.3,강원도
2022-04-08,12.3,38.4,강원도
2022-04-09,16.4,45.3,강원도
2022-04-10,18.0,42.1,강원도
2022-04-11,18.9,49.5,강원도
2022-04-12,20.4,56.0,강원도
2022-04-13,10.8,79.9,강원도
2022-04-14,9.6,68.8,강원도
2022-04-15,11.4,54.8,강원도
2022-04-16,11.9,44.5,강원도
2022-04-17,13.2,36.0,강원도
2022-04-18,14.9,36.6,강원도
2022-04-19,14.4,38.9,강원도
2022-04-20,15.2,39.1,강원도
2022-04-21,15.0,46.3,강원도
2022-04-22,16.6,61.0,강원도
2022-04-23,16.7,56.5,강원도
2022-04-24,18.1,53.3,강원도
2022-04-25,19.7,66.4,강원도
2022-04-26,18.9,72.3,강원도
